tt,fmax,fc,lp,beta,k0,thr,k,alpha,s_snow_init,s_soil_init,s_ground_init,nse
0.22779032925730675,3.616446665994674,99.91089133807397,0.2668609790600842,1.5308446951290835,0.01223038068282925,50.01427269879528,0.000536991050574685,2.0398332104075183,0.03205339550881382,24.919352691156607,49.93550939884265,0.5398041991009703
0.27240914699353935,3.7120594533440157,99.97210295501561,0.5770003541301942,1.3486474671899125,0.1738751885834061,50.0582185729884,0.028444251062898603,1.8059402757512764,0.0021270669838038157,24.980696131085008,50.04807563572139,0.5230916337512873
0.3643889965688342,3.7683112431543813,99.98804106875174,0.674977576258067,1.310840068495731,0.09532069156961644,50.16489603045293,0.006400908426767426,1.6616468038387768,0.0011988662654186509,24.962906181531153,49.86043962517829,0.7876589950990038
0.393916867665805,3.5536282570309394,100.03987289725748,0.48136391300779435,1.2524610799483513,0.05753549498337703,49.92835354107031,0.04229906081448574,1.7340036094015845,0.09337653846827484,25.061987440174672,50.04824412349214,0.5105353184817912
0.35742748557162923,3.59037027851847,100.04390517443721,0.4803013085861888,1.2868126752767175,0.10309112821262839,49.99333914417399,0.059344373578337974,1.75004652843832,0.003605684319649305,24.96756702306464,49.95276191422144,0.5044654584163093
0.3403870204691134,3.650995624131591,100.08509438357625,0.5377612353415686,1.3005040483023351,0.10854777914380098,50.065553220786676,0.0296756113858724,1.8598232977905336,0.002995477311393282,24.910858727170936,49.93242403448379,0.5710473554785207
0.2960541836771442,3.620640808132543,100.00432353931471,0.5306103665408393,1.3115809759284631,0.1950281767245155,50.01566834295462,0.025782609360000243,1.8200477219229945,0.04441859821232321,24.99523432672114,49.896953581649285,0.5136267924985354
-0.0006597773814442931,3.8902705468851084,99.7613544733672,0.8954922806345156,1.4704623046333514,0.08086231693146151,50.04953919102893,0.00760442039307206,1.6037671999085723,0.07264752487683551,25.003726647590423,50.17807291148138,0.7344350816066356
0.39355937150630105,3.611359168873581,99.96438920172467,0.44784606777710584,1.4499694064883237,0.08806104898430502,50.163859538445685,0.02888311378104213,1.9845603225356163,0.0014920741192776307,24.808977676726528,49.98336927627714,0.5089626727638459
0.3558789033640345,3.7054409972496023,99.954493086255,0.5782992603543234,1.3842073460905362,0.10343972703762681,50.135639595717365,0.022900256780335172,1.9872929295803368,0.013887878086333762,24.78908937620854,50.02330419711951,0.5575524117374666
0.35438245988738337,3.483580183108904,100.09008427003921,0.42958564276366223,1.168114432319356,0.20169095249443503,50.03025517115596,0.005989397592874218,1.8939187054221351,0.0030584221461033637,24.96359699004202,49.95775299799541,0.6765162365888039
0.3989251344684407,3.5862859865307413,100.03812889475672,0.6084342888002332,1.3121599631775522,0.1630915479652975,50.01792438122162,0.02249436228359491,1.9007308143476058,0.06630328520090355,24.878158312681105,50.13300665783049,0.541845187328581
-0.13112716142230407,3.4145005478372776,99.62947029120781,0.13458468935448198,1.4432833826627438,0.20113843875814855,49.740022375852206,0.000395033587793428,2.102185566694282,0.11271052863069256,25.208973574096845,49.9110447644878,0.720586748088043
0.3069611694770336,3.6696392719556488,99.94399476930992,0.550039521149968,1.2529345570693748,0.04499422545563727,49.91336275356562,0.033322417512746505,1.7822030116561518,0.09084964683239735,25.086377155030107,50.086960245277886,0.5237591462863398
0.34984381648661084,3.5966603504545116,99.98901352944402,0.46288019616350917,1.2953716771151171,0.14959273618335464,49.94609606236885,0.00011997724664466677,1.8075670376883473,0.007893910428124103,25.021148899704652,49.99617521112287,0.8354530632079561
0.23635913671213865,3.4677898840779733,99.76435239920649,0.39393366384530765,1.2378687029379831,0.38314958537874766,49.856314783662754,0.01545539033519551,1.562958215668389,0.0054722498353449115,25.34545981669345,50.090157329250175,0.5072865310664343
0.3443101760843366,3.581775527232097,99.99120491776281,0.4562696210395927,1.250885854859241,0.05744008915675619,49.938361969862,0.01463693074496848,1.7952197147872981,0.02181364532349863,25.054705388559178,49.99230288909744,0.6368338573755686
0.3382349967128024,3.6256186299881485,99.9850387520979,0.4620688328813929,1.2665671187151626,0.11059325553231468,49.93839171119844,0.004703425297798608,1.843809223620613,0.0001599671177121033,25.08886716607583,49.89266385744219,0.7656383705045333
0.316419330778504,3.542209395423085,100.1062617565053,0.6307684092640455,1.217375316180939,0.1369283030238576,50.05866745890152,0.04425815531169044,1.8034194681750515,0.021301911139563933,24.962338406693675,49.930318599712734,0.5059625422912222
0.6052663834943236,3.4359818153697237,100.53604670417378,0.6876126218645322,1.2794135869708325,0.1436436676531635,50.204200877174635,0.022547015731074305,1.790331530782555,0.019944212198128777,24.646617539576297,50.03730950066352,0.517463398431228
0.335658214709542,3.583209349083218,100.01403942735223,0.48953067936843875,1.2769169648664531,0.14404757010878855,49.99687729151677,-0.02024966697757959,1.8086926134141206,-0.0218107931625874,25.00442102825721,50.001760898277446,-inf
0.3623033295802776,3.629178144145797,100.03224171654638,0.5705604686139427,1.2889416533233153,0.15023633489178542,50.114896045216604,0.03377728205134311,1.89006151630742,0.02584790513245282,24.952729479725832,50.02559655957684,0.5019632732017589
0.2832328047412344,3.6282873378098315,99.94078781879611,0.5452820475639518,1.3751157431237915,0.024049241067631105,49.915620333675676,0.016684137080109913,1.754516557633738,0.11296566913681441,25.095778975436723,50.1147381138869,0.5558486747971336
0.33073160008291563,3.6133722979308547,99.96392219006091,0.5174187295009482,1.32966105248356,0.03855144187975292,49.95936802390003,0.01906431534462191,1.797977071060113,0.05276948245155723,24.982415840093175,50.02624139920137,0.5704935871533401
0.33976747487747194,3.60812471461717,100.0065704883619,0.5051263449127457,1.3144427689056384,0.12040030313551058,49.99050490967449,0.0005564805557846031,1.8184147617877913,0.017028600887537083,25.005296879733024,50.009859513765846,0.838393640697244
0.37237020564675655,3.5262350798269835,99.88431406104877,0.35341919879781597,1.3273711526001286,0.1835439325108855,49.99447495940965,0.03150053456476622,1.8365125779389786,0.006098011066337894,25.0341454209354,49.97876347573482,0.5001838229307238
0.3370468167844837,3.649811993949722,99.9691775013444,0.49569320328409083,1.2703655186271081,0.10310690033739264,49.967504556803156,0.013615023840281407,1.8108123977546264,0.01584739471042564,24.980723276066243,49.9229191282692,0.6914954022186618
0.12727740472188678,3.457162228402768,100.07787373322351,0.45750863730269,1.235841267848327,0.17985745344193874,49.9775574783489,0.01580374113340493,1.937960955288918,0.05086811272735736,25.096210151229954,50.03536931472961,0.5377081188633174
0.3947383580442763,3.554193683552414,100.00460296622896,0.46530209508083004,1.2502330579853664,0.105682898400021,49.96070861790041,0.013469708536344053,1.779891278262838,0.017936632782760604,24.982252580476672,50.04698500830353,0.6820825917239977
0.28681914046105317,3.6049260874913056,100.03067861055611,0.492006410395901,1.261921910687722,0.19799772995989212,49.98975669020804,0.007675287275473354,1.8780220929202374,0.0010909421166484233,25.122687340516624,49.915791940337826,0.6475248359777757
0.30028881902243876,3.5784877155006445,99.85339781366186,0.6025682349819373,1.3890103731637127,0.28286957285992953,50.021532191112726,0.012364234969776042,1.8786838686297425,0.01176289992502752,24.95708288902234,50.242426534395825,0.5020952598611803
0.3797239516643222,3.3797027039538685,100.15236612851865,0.5274795288865265,1.4311087494065475,0.09464457081571812,49.93860845532639,0.051725169265582085,1.6683775391156084,0.0925278309015159,24.700161287345317,50.077454371215126,0.5386517261424661
0.4850491356778561,3.5555690342267967,100.06936568341233,0.5458644315229201,1.3272966466211966,0.07019652576301501,50.20485344017772,0.026459745058589827,1.666247010873051,0.005167546371484385,24.860506957133413,49.778108231375874,0.5935784185974564
0.4676000130345812,3.6987482598269565,99.84465174805278,0.9033149025075567,1.0671552757356115,0.4063083231397735,49.659734598754554,0.003058416898936992,1.3625174147423165,0.025573710208173037,25.26800632045454,50.451138953189684,0.6589355201862159
0.36245275609982586,3.532799433287256,100.14586204900903,0.39868752971913396,1.226196205816732,0.08090026695140638,49.936965090518754,0.03619264209813107,1.808593006749799,0.01404937018779241,25.060843813202684,49.961751916033485,0.5334910654176477
0.24285001204191736,3.6182869695489415,99.90203085559878,0.5226935877612449,1.3656428346404752,0.06531787780242318,49.90646498193379,0.024914922319844768,1.7566053004029676,0.08208690333898436,25.1463262961682,50.10332954141,0.6337479852446339
0.31429023537254946,3.45840589761184,100.08126738014985,0.4691815325722521,1.2293829946024393,0.047958712349450705,49.93412310914026,0.015519122626170823,1.7295335112721997,0.03693532569956383,24.896886151220997,50.10432400969839,0.6085672412379763
0.43332135970895314,3.9804648106057554,99.59772895991192,0.8667356092274228,0.968248439439414,0.05234611371455852,49.897642328168025,0.0031383683342863164,2.413045014778737,0.7672105770737353,25.316920633113508,49.835188948447026,0.5146458410709396
0.33940069149289753,3.5765653874813044,100.05641830957386,0.5609119776474465,1.3316173523310264,0.21477950972218451,50.06451360485881,0.00016428050586238772,1.7756232002185903,0.021746287322486353,24.95433275485297,49.95495711660873,0.8223586581323847
0.319941396228302,3.4535931743027657,100.03890644733538,0.26695034581775784,1.145417148178391,0.2256685811079432,49.775684046839636,0.008019392753782564,2.002203193700476,0.005275468581880967,25.096161827233683,50.133933047749636,0.5688295607478324
0.22355209211296245,3.606214713905234,99.96398463012096,0.36080265645267684,1.1762421257377627,0.21824958323140706,49.75231513947304,0.016359368823757145,1.8556414439808182,0.006078448156314507,25.156225543129906,50.199163129173456,0.517993147943262
0.22416004478352752,3.4335446941462426,100.39309096749122,0.8932999410285152,1.0592167481293555,0.15621818915742977,50.157431088217734,0.015663268337155603,1.6711609165799768,0.034218619432357225,25.0258500043722,49.87867650609157,0.6949978421965219
0.33158064664687165,3.456506527292358,100.15066541224283,0.4068967737282708,1.2960984991718876,0.04197738507379403,49.83787965190293,0.03255580017382313,1.7205005963668387,0.01843217978890204,24.91972342123146,50.0003540112974,0.5115987293720687
0.3869777692302328,3.519438242940504,99.95079143348556,0.4245547962416915,1.2666230824613083,0.13202289780981039,49.9695198822932,0.0033687150017163436,1.7312375443877943,0.009453491793865515,24.94524028869818,50.03828090040064,0.7959522664188123
0.3675872717351735,3.5328247781958515,100.03241269131324,0.45246671337844235,1.269547182262433,0.0926667000761362,49.971043189507306,0.042615565952228124,1.8354412372974525,0.016230583486069695,25.022734909358103,49.993447793761014,0.5017994559166005
0.5032006558335559,3.66233006081066,99.91803673379434,0.45875572864969055,1.4155882231700738,0.1549935386437971,50.11867459245503,0.03131583579906,1.8308802364247891,0.009465832374234106,24.849831913988183,49.99813567970447,0.5147729659490017
0.3930288952304729,3.4677888847592113,100.03947474007872,0.49171402801055375,1.380467258140634,0.10420020742687815,49.929627111528944,0.047037553672665273,1.7879616856646445,0.10003120111235833,24.831379159860678,49.98273548152675,0.5040027645207221
0.4789059558603038,3.342619035196211,100.22410328130428,0.1832935997193031,0.9925364969035324,0.08261423863451811,49.9134365870928,0.007202463417141945,1.8863514674514865,0.09885450575047601,25.05946151965368,49.86770609532648,0.5920440536228035
0.33034748328855285,3.6436878893840654,100.05601378969479,0.5793828664437507,1.2664967990903704,0.14710785158502807,50.053466628280624,0.004203429541507205,1.8357985918022695,0.015064876646501767,24.99334926223163,50.007441372779354,0.7728400509959363
0.39642678994745895,3.501290897403534,100.05014469452118,0.5264267955907268,1.3185521279323318,0.12772316486479912,49.97050889767811,0.0004471455683752141,1.789362115564193,0.019786932461319746,24.832509003070687,49.974503212416835,0.8351202015022747
0.2861590945577271,3.628475203399951,99.9396804394436,0.29240903514602923,1.5161208686049905,0.011523908849025682,50.043068548867716,0.0043094906656633005,2.008074355602809,0.01972937818901631,24.90033269205496,49.94353977833578,0.5286355551678419
0.25975271270989575,3.8153792159109567,99.899643183181,0.47136127466869787,1.364892424820718,0.19240100092556067,50.045400833901965,0.01700014750788568,1.837549768533249,2.2251387165640735e-05,25.050457723705524,50.09648683745791,0.5346137632759684
0.2911105370404574,3.7641578970570992,99.9896307095787,0.7219546348196894,1.3034225307810288,0.0980828405521211,50.173106231083125,0.0007870676426767753,1.6526868877365564,0.008958820208865317,24.988021524410314,49.83782643583757,0.7895405087821453
0.5491729186467083,3.503744506464221,100.15715864787666,0.6760441909608748,0.9856242050570538,0.08993750107608878,49.84440335602733,0.0836463588756865,1.4532257965613846,0.15672210854747473,25.21447210625094,50.152693574847696,0.5038193041857394
0.35208056495240825,3.598581478051559,100.05156335075158,0.5025384508541872,1.2834110678481423,0.11041291933710373,50.00617813344514,0.06160452399537262,1.742087312688647,0.002574068094029453,24.959636504555668,49.93894902041684,0.5022236066166201
0.2854872076529995,3.6446084023891476,100.14044146350936,0.5623599006898675,1.2606302184261116,0.0924583288101089,50.04441321941432,0.030346729862340802,1.8651524789820568,0.0008109306688261174,24.93405521334093,49.91082508218608,0.5598159723163381
0.354008696794831,3.7523780340101514,100.0346279920757,0.7039892498272075,1.358642358363632,0.23960122492285343,50.39185124573231,0.0162029086926787,1.8186350731248024,0.023918262166367273,24.981044503204398,49.50018213916403,0.5414853219991118
-0.07866232262682216,3.9247940246875994,99.72702398592286,0.941169139071137,1.5122730641546436,0.05713921211477316,50.04967126690299,0.008724979385344443,1.5211332945412628,0.0763755924488455,25.010813761503535,50.1730887863237,0.7048097837546645
0.39355937150630105,3.611359168873581,99.96438920172467,0.44784606777710584,1.4499694064883237,0.08806104898430502,50.163859538445685,0.02888311378104213,1.9845603225356163,0.0014920741192776307,24.808977676726528,49.98336927627714,0.5089626727638459
0.37021831199155814,3.7626287616314036,99.88570135337946,0.5792779016105963,1.432245979966933,0.08228323874045851,50.160107640091475,0.022633857316811,2.04026658738898,0.003950236525191143,24.73427888986326,50.07772539784362,0.5337846337703542
0.35866578366921414,3.499941781920467,100.08262311404128,0.4492438026770957,1.1781321526802186,0.19553712326208272,50.0240280378204,0.005172229231074773,1.8734682128055509,0.0032882187958059653,24.9717433023636,49.96767878779701,0.7042818331427791
0.40127905934302033,3.5691364945038733,100.04262937879824,0.6186324971731216,1.3324399066495338,0.16405754928193034,50.01996510362901,0.023581009614908135,1.8867128211284283,0.07216085973219476,24.841218979375792,50.13979501131134,0.5234188061847445
-0.13112716142230407,3.4145005478372776,99.62947029120781,0.13458468935448198,1.4432833826627438,0.20113843875814855,49.740022375852206,0.000395033587793428,2.102185566694282,0.11271052863069256,25.208973574096845,49.9110447644878,0.720586748088043
0.2988462400140372,3.716818721034776,99.91529562269318,0.6206609715118715,1.1923579103041464,0.04989173613529717,49.88044473113055,0.042031605595717135,1.7416789033430398,0.12370690141952821,25.14789788956761,50.14371470950061,0.5142099055200762
0.5112706887783955,3.5593234431484246,100.09112837148665,0.7677688481733038,1.007599814687718,0.3361884401765831,49.85117988554828,0.0007047478111214741,1.4390129215397671,0.008698434136448703,25.134193127775387,50.19093035431743,0.7576231471851468
0.24374749122304595,3.4683099891492146,99.78421135909599,0.39655472339845793,1.232601834432252,0.3729910510699438,49.86667022918514,0.014911604838311585,1.5821104633090146,0.005238580629346963,25.32297386423789,50.082382296200585,0.5155384680844791
0.4222544947722859,3.6129607219725197,100.06886924879805,0.505205220432068,1.209471826649945,0.03596112279328414,49.96289769750854,0.019837510074437063,1.7708051877094755,0.006375542911588183,25.043796400835657,50.01141683342211,0.5056766794885985
0.3371674928246537,3.6236486071154723,99.9820814308657,0.46490955468242035,1.2702234182210874,0.10770310121068671,49.93894781975761,0.005639350414731006,1.8389316913243934,0.0034428480849544724,25.084098497328885,49.9026733386006,0.754628679217106
0.33828938376915235,3.4846496164843948,100.09088933719902,0.6056119955075279,1.2481684954374876,0.13901552346855245,50.03478198935363,0.03700148101895354,1.7614087181421885,0.03203749015580232,24.921766272901035,49.98418194946204,0.5488081508807332
0.648871590218583,3.3969334319415654,100.60204385578727,0.7070497131061902,1.2762141413636288,0.15191435206053383,50.217420468656954,0.018835467866773398,1.7750801095437494,0.02388433103847052,24.612484056569016,50.06046943973078,0.5353751839993243
0.3954237490512825,3.4380375226600965,100.1260272695033,0.5932982364441642,1.3335250777999716,0.16177422704850025,49.96391829310348,0.011357023887523875,1.6422565442111705,0.030671277256608707,24.7942135634633,50.07749363698451,0.7257399265834037
0.37486514412518296,3.619513192889754,100.04043514768561,0.5781430288168318,1.2712549636806127,0.14695896381144447,50.095056616510306,0.036414300359094987,1.8626163859147136,0.034974628808297936,24.96597079153242,50.0365416276765,0.5038763724866029
0.20098484104219128,3.6224794691087303,99.88954788599575,0.5621150228062284,1.4890708756233932,0.010047843977614317,49.88333114324669,0.011529707827197512,1.7494294814453497,0.17510591344007836,25.138398667837397,50.17967761636508,0.5250045365164384
0.3226854554491677,3.596922760784234,99.94196163636985,0.5034475307521684,1.3198257350731633,0.06849451061779854,49.94649213414194,0.018336355713303804,1.772761810541577,0.0479792712256008,25.01940548797197,50.038464581943714,0.6537530588980335
0.3663217219057322,3.701836393783615,99.89850476796552,0.5956044458869316,1.2228095562636905,0.10290944595018228,49.965305770614705,0.0016209311862802624,1.9698675875593323,0.21137857046169028,25.083911657249498,49.9659071579668,0.791496025450035
0.37237020564675655,3.5262350798269835,99.88431406104877,0.35341919879781597,1.3273711526001286,0.1835439325108855,49.99447495940965,0.03150053456476622,1.8365125779389786,0.006098011066337894,25.0341454209354,49.97876347573482,0.5001838229307238
0.14735609210427558,3.7596608401542206,99.73168952071545,0.32552409161609175,1.159161358566573,0.04666738092802533,49.35540470369703,0.005650232799858608,1.6415548147462937,0.13606225407599315,25.442249201554368,49.77580212835393,0.6866436352679157
0.07950560400842571,3.429173769588357,100.10772298100666,0.3916188884912843,1.2740479618063945,0.14245700066884412,50.03072531748753,0.017893835425089006,2.030198553097097,0.05481273308936906,25.060141907440798,49.96998357875791,0.519107631669953
0.474849720245782,3.5353252624926337,99.93910358287587,0.3858481448313973,1.2579085600940554,0.07573816557682864,49.93681967330221,0.019013110157041477,1.75834322275237,0.025992703884255192,24.91300306966018,50.16644142998905,0.593241066646606
0.16300975613761864,3.945709159708473,99.4681819941098,0.2081219853160643,1.574477445628511,0.21719027688903456,49.78582219289645,0.0005434318395270074,2.0455080914415875,0.0018076632546177873,25.274482791589453,50.09289479477499,0.6459975840182923
0.3560124494733654,3.6824979729528673,99.90688533193753,0.8049414130903327,1.5473684005694155,0.20435929430945138,50.17109974260069,0.00901966634954703,2.1678804293013094,0.01863811913112568,24.602206203799955,50.414110357587774,0.5105850191067463
0.4138384107877813,2.942685180979336,100.426826544579,0.7233923230940676,1.8905459913978537,0.08822717245966596,49.98918113648655,0.09177830540199093,1.360857710502641,0.211940453073783,23.87725567350654,50.12419088319547,0.5242495257679647
0.49825814764767484,3.5590998176575597,100.08906757762577,0.5671790677515633,1.3377944200331195,0.06278092956523412,50.246038296777506,0.02958194843209241,1.6523246936722813,0.0038672597966616356,24.845438509179246,49.7314591979876,0.5727336142687109
0.4676000130345812,3.6987482598269565,99.84465174805278,0.9033149025075567,1.0671552757356115,0.4063083231397735,49.659734598754554,0.003058416898936992,1.3625174147423165,0.025573710208173037,25.26800632045454,50.451138953189684,0.6589355201862159
0.3480592061776777,3.496030092493922,100.23093138130514,0.37564034937838897,1.1211281281648744,0.07766407293197951,49.830412374364535,0.03962710554625382,1.725736636777599,0.01995658365107697,25.17910634230941,49.95163543194618,0.5446724935890426
0.09088028159184403,3.551497403329699,99.89520750214385,0.5107096207048898,1.32804203136432,0.02973891688290417,49.803474127165416,0.02226729939345158,1.762414929222503,0.10480114647143741,25.297855646158975,50.13118403594821,0.5467249942252694
0.27876879711544844,3.3867065113037675,100.14050733602159,0.4671770653156019,1.1916952726390102,0.024489687318479378,49.894449642543094,0.015927989771677163,1.6754363856330317,0.04811449892481892,24.852344076709148,50.158070463046826,0.5208573957924714
0.4308155529928116,3.973896238073766,99.60515132742371,0.8605996565915679,0.97451596093053,0.054950768972275965,49.89979688826813,0.0035517380333250186,2.4022198733134,0.754016038893796,25.311048262672507,49.83631645931432,0.5124544266235049
0.33660142059947407,3.578075218981083,100.05504801164898,0.5572436691815119,1.3279069935194683,0.21388610230634053,50.06053378967349,0.0005641420964370971,1.7810745844823392,0.020646663871034737,24.963295405862205,49.95287208990603,0.8259742030691903
0.32602533226437824,3.446214498456191,100.05418723754093,0.30817526695469777,1.1652133912776002,0.21842030659303496,49.79368874448099,0.00791090268119276,1.9557344262339047,0.008750265491051956,25.059730205688727,50.129353459818155,0.6002176691111013
0.16709556794583313,3.594885932535635,99.9732607675875,0.34102751470276044,1.1279220179774514,0.2310199560252596,49.67835308854758,0.013339899930329475,1.860640331492327,0.005394590043767915,25.21808146364011,50.239747321376,0.5142112126830045
0.40650765330461214,3.1837862372565997,100.66053648673739,0.7593393685374628,0.9141866469632709,0.20732465132400962,50.17246411653338,0.015002086458271734,1.7435701475119703,0.0025504961907987997,24.982444271871586,49.741753587160595,0.5956743134770182
0.3315863429068789,3.4598100247519037,100.14760701408046,0.4078034882099854,1.297576976073505,0.04192912536298932,49.8392623776641,0.03240958815832036,1.720137631980089,0.01841929674064071,24.919810980513386,50.00034413460726,0.5133351805608183
0.4648324865048573,3.5906755539270345,99.8918546808677,0.51939262799816,1.3464219587252497,0.041434355638177184,50.082001908715554,0.007954487025306798,1.582943265669349,0.01804565256681921,24.852190642041712,50.006495430299964,0.6051881867496125
0.3619157172768767,3.4914878938486034,100.03765593981959,0.43715472440093317,1.2578588623854652,0.07835453921361375,49.952044433976596,0.03189860751171142,1.8508386982350238,0.025133496423427132,25.019974005144594,50.03420934701518,0.523151605236259
0.679130111249707,3.810028828206441,99.92161958102082,0.5570975859835562,1.473588556035322,0.16745922235641253,50.20213478540562,0.03251581224424406,1.7399268116655007,0.01687804748388934,24.711310456822577,50.02336386926909,0.5050130514884595
0.368482422855369,3.4860095091863483,99.99663899036108,0.5171077360379323,1.4906793978367796,0.10293579083101198,49.933482280732825,0.04895205235637857,1.800367129570007,0.11210571104257494,24.753463845909444,49.98272638351917,0.5096877208157939
0.49232613461777847,3.303458577520037,100.2554765851553,0.10803198182618823,0.9337738163930362,0.06853427619204873,49.89501988104342,0.004370931723579521,1.886288996437485,0.10346931733416885,25.09719140496943,49.8206672202166,0.5842798413872048
0.30976067948940855,3.7761346952546417,100.04506220934161,0.7070009848994472,1.3351799838942056,0.12423602463052424,50.089404050985756,4.731296154540307e-05,1.798771811480815,0.01780786694544058,25.018725186583808,50.04165942405856,0.7818795046059859
0.39410982803561206,3.502806015122619,100.05063280093563,0.5292080800945378,1.3161029277065988,0.1294993954869324,49.96782692944061,0.00035149829001233923,1.7852603395713986,0.01986755664645351,24.835902449972803,49.975677139116804,0.835914836491785
0.2804630948629989,3.6221071126419284,99.93060666272476,0.2709613614670893,1.5396901502753237,0.007950782536623485,50.04889924476163,0.0020081407390329306,2.0257472424625327,0.02138360376428904,24.891895464059548,49.9390534430827,0.543712779747858
0.25975271270989575,3.8153792159109567,99.899643183181,0.47136127466869787,1.364892424820718,0.19240100092556067,50.045400833901965,0.01700014750788568,1.837549768533249,2.2251387165640735e-05,25.050457723705524,50.09648683745791,0.5346137632759684
0.2911105370404574,3.7641578970570992,99.9896307095787,0.7219546348196894,1.3034225307810288,0.0980828405521211,50.173106231083125,0.0007870676426767753,1.6526868877365564,0.008958820208865317,24.988021524410314,49.83782643583757,0.7895405087821453
0.5518573169006902,3.50184902651486,100.16074124531202,0.6798970367050754,0.9779429190812348,0.09003212852349468,49.83911504422115,0.08454172976364835,1.4446110014935842,0.1592998149291914,25.22095825763574,50.15577556320364,0.5053610048798037
0.3383420564136475,3.628280985934251,100.09933262166653,0.5683974123817812,1.244954888619541,0.09006820366249278,49.985050671021234,0.08746442756366522,1.590181738910795,0.0025212013943182233,24.997359431318376,49.87827432836908,0.5254544307667531
0.24000723551249786,3.777896941732507,99.96834340176704,0.4861251441744352,1.3508160559430071,0.058594595175039406,49.95854122647191,0.032964405216952826,1.89293817857385,0.010540497287030298,24.959718069498738,49.94477545160395,0.5162123564627552
0.2713783238870317,3.9236458661898124,99.98562273849942,0.6245947603132658,1.0406546944174155,0.1844917031779723,50.46430296995476,0.027919360316607585,1.6425093210081654,0.1917946818548561,25.533242724859594,48.72677953184332,0.5525653590092066
-0.08883136842995076,3.931615298425949,99.72002897672752,0.9453829459210412,1.5208907619686491,0.05660871385176993,50.0530671260299,0.007502203822288098,1.5223674491245291,0.07503818729327671,25.00742454271878,50.17336801467421,0.7006049839633749
0.38659781429229106,3.6185403830119656,99.94018594233594,0.4427044478747801,1.4508256211444492,0.0842065827542687,50.16467917295287,0.029420047511349235,1.9749632865415243,0.0006085797962865876,24.8216515787163,49.966039237011216,0.5109891894416954
0.3739806786587129,3.7813700550469047,99.87052794321444,0.5900962546838391,1.4375686190162669,0.08427215797925992,50.179219718333144,0.021881767392585495,2.05793443094953,0.0029636317788845554,24.72699615029291,50.08197340432432,0.5319738176554729
0.36313677347411866,3.501830446247014,100.07053927671322,0.4585332971775845,1.1873311140811837,0.20160035876913196,50.04617772406979,0.003001393144193447,1.8797590682945853,0.0019693628894270065,24.951172428820588,49.96251088279896,0.7443000417863608
0.48972469805977126,3.48864014173045,100.085334164823,0.842251280739221,1.5137930205076184,0.1611053809335367,49.875354883797655,0.020405140293065123,1.8713142222146815,0.20775616666002805,24.55027350015498,50.383043476083685,0.5391102129628662
-0.14299474611686747,3.339617848647476,99.6708276749857,0.1460667551854008,1.5611100531660316,0.19986188308278524,49.76054353139848,0.0022754304469234377,2.0836165727382836,0.12057681355880201,25.028551271843853,49.90947041913954,0.6410496876197642
0.18552090103168317,3.8279893106873,99.79824917818112,0.8478896606467126,0.985979036045337,0.07450625843006248,49.71748454599705,0.0803893360120135,1.5646270070329098,0.27251401656450475,25.398303857859432,50.31153863617024,0.5054698049780167
0.41225321762777584,3.62352848768918,100.01430804472511,0.7978750066810081,1.0773159351751276,0.29916081760109287,49.86859050554891,0.001285055049208627,1.4393782792447556,0.01887727651926388,25.13467322857891,50.193222766301055,0.7621679806332016
0.22532088790006877,3.292604660967097,99.7225332982432,0.36055798889605806,1.174868057412598,0.4583538423741969,49.76682304240063,0.013059334323621892,1.467639255465182,0.013032248825505313,25.447942033553055,50.077017145846916,0.5363527883057524
0.4288066078360526,3.631168599642059,100.06685252413845,0.5130128547934255,1.1960293083057936,0.03523938961449548,49.97070442132045,0.018807125736051887,1.7867113230331655,0.004640051357338006,25.066143066186584,50.012519902214926,0.5018998554278662
0.3162833090094019,3.6377294065721406,99.93879332287418,0.446546879004617,1.2699323073030895,0.10812351561070106,49.917734076838556,0.004561069185514917,1.8442802724850555,0.001999156066429038,25.117360204942194,49.89331513108084,0.7696321493087446
0.36665160672505287,3.4568680072253732,100.16511074249851,0.7040034857374722,1.0564739947182118,0.2000944669032122,50.0799058138819,0.02684494152555001,1.7492315498815532,0.002175502190828793,24.990539343850642,49.952239748794966,0.5441140864036953
0.6165683076724473,3.3991143657460503,100.56661190629981,0.6854258166433052,1.287085937742783,0.1397299989783041,50.21059894966172,0.01883906428843211,1.785386410811606,0.0269010707176452,24.630306482555138,50.05318478868703,0.5371792603782738
0.6500831230029913,3.4178252414696586,100.39305569513148,0.9080873427360224,1.4943364067781673,0.3117193763753487,50.132275392819416,0.0033611483964728654,1.4609447212147295,0.025523921109742425,24.56041993449521,49.99423919899603,0.76353874737755
0.3773109754711585,3.6285315580417503,100.03706126189222,0.5763061713155881,1.2727987622823989,0.1474901438934555,50.099087197721246,0.036375035423803055,1.8693841710238017,0.035171036093172486,24.968926760082358,50.04004293403337,0.5005114955227042
0.14990375971775147,3.684669348213532,99.81399355235847,0.5933193906236696,1.5192357833357835,0.014760194674618865,49.875945679974286,0.004389890684408189,1.7817683270276203,0.21294827897576904,25.216496670190164,50.252594647558816,0.5990282339414275
0.40854957833557515,3.4354765251052077,99.93156463995027,0.5528354812692262,1.2832147081880079,0.05427737516932696,49.932346008879776,0.00221220488555803,1.6366507217771198,0.09033184505890328,25.075357140742607,50.14358516769755,0.639387585992242
0.4713034166730778,3.6246455528793553,99.84888310734527,0.4779768456927333,1.1140810085883095,0.0991840888919291,49.8847409066624,0.0012700318359045498,2.1367608037957857,0.33761735534798165,25.131063780273465,49.89058737298993,0.7245445007266165
0.4047190025730317,3.6393225793001345,99.73275243336599,0.4231806707719886,1.5270984467342101,0.11143509568500753,50.20852860394591,0.04880874961693026,1.7124668507639298,0.0077845617974304235,24.977863032217044,49.82428413640358,0.5533046831536277
-0.019369252387280683,3.8721603428334546,99.62443465285241,0.19460768644656445,1.0605199575432005,0.04978474806003263,48.97774181248351,0.0014676026279963113,1.706677209685738,0.19094700932135905,25.772150276764688,49.62631848039919,0.659672845005659
-0.08923692632196772,3.3310624340983654,100.14152735269295,0.28666175617824513,1.2795216707802894,0.134277130089602,49.9852803324287,0.007736503826865235,2.118205835157543,0.06386899105114455,25.108671390062874,49.926411458297146,0.5890364647131516
0.5135624656580027,3.4832149649321846,99.9599092878888,0.34387713780732254,1.10928360785246,0.0772380622892139,49.757440580492165,0.009754295797243464,1.6284828293160587,0.041357096968762753,25.022526511369907,50.264565389401405,0.6590958573162919
0.16012692181918126,3.949409364467743,99.46150227578038,0.20481838212575332,1.5785363543275097,0.21920556802929128,49.78385309086437,0.0003288792465943567,2.0485628225131767,0.0017568678544605497,25.277048053463478,50.09380084002174,0.6557321039799272
0.35378595450508005,3.6842643685532432,99.90424317779271,0.8054744896543624,1.5551090012994224,0.20246878639656785,50.175687582545095,0.00913890719866638,2.178332820400435,0.018780660092082416,24.594577196703604,50.41731089081891,0.507091564148397
0.41019674984804255,2.9826376610190657,100.40529039986812,0.7210965968401496,1.8281086921943386,0.0964925997015231,49.995272564067776,0.08674414014338383,1.3917381031723108,0.1965156540701853,23.96249808010159,50.11110190383291,0.5286517304267134
0.5316650780109895,3.521097848579607,100.1228036870187,0.5929276328359048,1.4164289766023845,0.06665571188776552,50.427005849755744,0.03674052090158544,1.6003744886982125,0.0010795017776145804,24.70591545505837,49.53884034009131,0.564555085758064
0.4911019973325631,3.686947260637073,99.81735462994061,0.9399249199695348,1.0227979340484272,0.44497493405010696,49.54014576867104,0.00026956574241486855,1.2685711427637072,0.012057604867872329,25.311678926984623,50.61345503704486,0.5966787087727123
0.27651522727520417,3.465239214471713,100.30465313495208,0.2785574054508878,1.0091092225658758,0.08413043432138789,49.617046781154485,0.045059457822352114,1.7578792042930307,0.027521051175273252,25.34971524611877,50.06263455587229,0.5044569679000381
0.0842294218078315,3.558635208707894,99.87980195202728,0.5055575407388953,1.3365586713579822,0.02613764743786337,49.79593855692995,0.02238344093018943,1.7628114353984943,0.10682775455031057,25.304426623111404,50.13899117018756,0.5287222207526807
0.2633017833892583,3.4477237230522766,100.11553776998228,0.486298679375105,1.193094687323398,0.023187760853850783,49.9117238487491,0.013210048157500487,1.6992483340902935,0.04432524303467816,24.897471861355136,50.150026246384115,0.5333858158576907
0.4320869606602207,3.981744644948147,99.59866018385408,0.868112154528272,0.973271018407424,0.05188313358302482,49.90215533602601,0.0034926099027266337,2.4083885249450563,0.7642367056500348,25.313810379750073,49.831575923976516,0.5010259071118603
0.39537542189118047,3.337657299917909,100.13956684917365,0.34443789910634137,1.3595408008239331,0.3635033557742008,49.915090740447226,0.00027612337009938373,1.9469508670255522,0.035747301290099565,24.931349380421743,50.10151051791222,0.7398761949488928
0.4202487100904396,3.0231884259214765,100.4652480716837,0.3294358501976796,0.6685887560694579,0.3735695450700838,49.554355623168966,0.005555222137837719,1.8861119942192233,0.013160197083697804,25.09970152861976,50.3015974580143,0.5773191192710485
0.21779098980334782,3.232868776572783,100.51033305252712,0.5641084705841247,0.6518700883224195,0.2561974876422592,49.60255970767736,0.024614386479282623,1.5901971888703692,0.01159498454649377,25.142506952273674,50.38321473212701,0.5855539027088112
0.40596522741833585,3.1598653621746235,100.72544395704837,0.8128006468452549,0.8787172873058536,0.19495977207938664,50.17497481857385,0.019964994123371455,1.714176118298212,0.013172253739616722,25.003687841592285,49.728042453008435,0.5724125745312502
0.2980567923299358,3.4031741063758947,100.17672464611591,0.3717838248592845,1.3301587151175704,0.0441361235193133,49.793541398196304,0.03705880752915959,1.7014005083320805,0.022873139074902966,24.87396053208172,49.996249393429714,0.5235462346551185
0.5203571359086027,3.576716660336844,99.87978573429227,0.5888463543261995,1.314260596228885,0.03771869276405404,50.128566732064634,0.009681273621913192,1.4793143231270403,0.017813163321366655,24.799329735231463,50.01483052269625,0.5637507582180196
0.4253378942834475,3.5802142040374645,99.9346806092598,0.596403303652881,1.180524175052022,0.1906811430437283,49.89316399012419,0.02194009152107721,1.7309646950572903,0.02188998895911638,25.1304796486627,50.201823371895195,0.5826653112126906
1.1835478965966078,4.100735111510852,99.78260492593918,0.5145212473201253,1.6535561847186435,0.21702282492136826,50.43381614979033,0.009556044686542127,1.553927788828338,0.03218478418833862,24.480623411662805,49.95344677769841,0.6044524069229734
0.3778803550654647,3.3926129095966315,99.93966063822855,0.5367298348436085,1.6704986809913218,0.09434994490291275,49.86258251313566,0.03737130830654563,1.851943823961801,0.21634870236827122,24.580322367899644,50.032167646564474,0.5151148065610532
0.4859091630858931,3.3074307122998956,100.24813760320534,0.11655082287141111,0.9395372007195378,0.07723613061463469,49.888090841960526,0.004530396474879059,1.8889103909042482,0.09948077977643985,25.097432364117513,49.83570018731237,0.603989521521013
0.33517308194337614,3.475919958598617,100.35807097503799,0.7426380980524439,1.0923550420292103,0.1535764998994476,50.083625042625926,0.005429075718902327,1.727241664856812,0.021025132752917744,25.023018079675523,49.93179630810806,0.7692756959969311
0.49693898830789957,3.282251622922463,100.3212666659115,0.6395996962746139,1.2059884836177508,0.08752005773199747,50.038634552434765,0.004567209959398633,1.6673712239112852,0.041523735737241996,24.634072372077558,49.922566209652764,0.6712082788849647
0.2804630948629989,3.6221071126419284,99.93060666272476,0.2709613614670893,1.5396901502753237,0.007950782536623485,50.04889924476163,0.0020081407390329306,2.0257472424625327,0.02138360376428904,24.891895464059548,49.9390534430827,0.543712779747858
0.25975271270989575,3.8153792159109567,99.899643183181,0.47136127466869787,1.364892424820718,0.19240100092556067,50.045400833901965,0.01700014750788568,1.837549768533249,2.2251387165640735e-05,25.050457723705524,50.09648683745791,0.5346137632759684
0.2911105370404574,3.7641578970570992,99.9896307095787,0.7219546348196894,1.3034225307810288,0.0980828405521211,50.173106231083125,0.0007870676426767753,1.6526868877365564,0.008958820208865317,24.988021524410314,49.83782643583757,0.7895405087821453
0.4845427771397729,3.5324656626763558,100.10267194614245,0.6653980123889378,1.068592396818237,0.0774264543270471,49.84528301375524,0.071118825395235,1.5010742166829352,0.16828424012369686,25.22021108249539,50.17198970532772,0.5203570473932382
0.33895255776841104,3.6283461073170145,100.10111232578973,0.5715347373643662,1.241846051285271,0.09093436980479924,49.984377202808886,0.08836581171918165,1.5855874386178657,0.00232224270721592,24.998471854436644,49.877633236495974,0.5260233022789976
0.2159680421803224,3.81108215235285,99.9338345159145,0.5085008077080581,1.3552551737049148,0.05754318730404265,49.96011992306944,0.03349753557771228,1.9013056556706087,0.01871877481679024,24.96137301254915,49.951952160116036,0.5065681861779934
0.319015448870773,3.9531649442115677,100.06018859706269,0.6227986375796456,0.7967478546946337,0.16791894086273668,50.52147794948974,0.009601759040913533,1.3998736028262142,0.06283403244298583,25.671397238429975,48.756322195440234,0.7818173950165397
-0.09450646605207613,3.9170476734248694,99.68552039348683,0.9307139034729569,1.5240297334874127,0.05994373742784685,50.0193240446222,0.006716907150781678,1.4752572529589103,0.08467523540315174,24.99646366398183,50.22251461852644,0.6957505304882936
0.37699736238973297,3.555238724329642,100.02321618933709,0.45660260996505764,1.4337445567651124,0.10392745473247046,50.13630788423663,0.025117649538593648,1.9557248296646028,0.016084643901741816,24.805245194050208,49.977126371242036,0.5440699950573127
0.3739806786587129,3.7813700550469047,99.87052794321444,0.5900962546838391,1.4375686190162669,0.08427215797925992,50.179219718333144,0.021881767392585495,2.05793443094953,0.0029636317788845554,24.72699615029291,50.08197340432432,0.5319738176554729
0.46575126766329333,3.3372408535440723,100.24683483925443,0.2898678756612307,0.6759136353886831,0.2720713209534117,49.73704632425644,0.0007626028432931161,1.281386279167591,0.0807451574639567,25.53928291292746,49.62682450374899,0.7767467429500609
0.4811388571185182,3.6187946367727424,99.99886079611441,0.9112706896127848,1.647207029572993,0.11016270164201347,49.909788076554015,0.02638742898079809,1.821618577975028,0.22604544683725222,24.54629037912561,50.37605872624411,0.5727519656880597
-0.20350807168296808,3.286329913251611,99.63592429380093,0.10243703864537645,1.5956107912491586,0.20717873568836864,49.73022359336275,0.0011428722693581916,2.117516269444266,0.13728346579331882,25.02050832781761,49.89844962804173,0.6684380389336635
0.18274269940678733,3.8263702945087736,99.8003125496621,0.8478580626365754,0.9863304383472338,0.0747608320764775,49.71541569625637,0.08125260480994466,1.555300579710177,0.26715559898092334,25.39911822982811,50.31693548700391,0.509452994322708
0.4101579420875312,3.501640929611327,100.30044727642681,0.7936267125229384,0.7430400475979515,0.2913382616166833,49.939857628041096,0.0005059234310112331,0.9890498812782638,0.03148125682679995,25.321258647624404,49.73079717533808,0.6484397889166201
0.251028890068117,3.2951172541841296,99.8395759644471,0.36530823069224316,1.1730364252628285,0.43203194144743345,49.77518055520207,0.011430870178658344,1.5531135664532407,0.016941367835912786,25.34700956918712,50.10505098377655,0.5415272355725692
0.4100628139517165,3.609659839877675,100.13729708151469,0.48109659549026207,1.135920285074122,0.05245879197719272,49.9089717090705,0.02043496028932637,1.8699868714415695,0.0013155289637692275,25.133942526165463,50.025985026081045,0.5086086443131353
0.32720166292574815,3.6167126353475627,99.9358572226721,0.4397707812081745,1.2570685990309665,0.11515809763254964,49.91018118732961,0.0006181773739093732,1.836789078996776,0.0008857882002596407,25.141425141556756,49.88684058860803,0.8331493147790269
0.38084071828458843,3.3366581422970065,100.22118345726682,0.7371227523916675,0.9954346554486035,0.21821152736989544,50.06976798968388,0.03050201680718233,1.7327259353823405,0.003764932402042764,24.95096022627029,49.92421220423056,0.5100723857157141
0.6196473216638394,3.3791025908368844,100.60792149256689,0.6843544384683934,1.2208965725406877,0.1740588823982448,50.21201673417164,0.014587335531352176,1.7575102186248368,0.004394238264356493,24.688296315835238,50.067597723129225,0.5724437053250077
0.6726118832476784,3.3934331930306647,100.42732356759113,0.9311185907949233,1.5108632638439135,0.3334246879369652,50.14470791060323,0.003127042973065085,1.44251011287645,0.028194932371443812,24.520754876883263,50.00812673012405,0.7538722089298999
0.35475264355436975,3.6746716883024977,100.0056288478311,0.5757519516538188,1.2792669145993347,0.14469875816352562,50.09345462251586,0.03690210503351116,1.8747333867500915,0.03017758012794695,24.98663663346286,50.021433022441165,0.5014895425342796
0.13950037869962448,3.6886568718327752,99.80684290832038,0.602329224691921,1.5346190736027465,0.008869106178964373,49.87393682921564,0.0046112050369768575,1.778539852035632,0.22539155580686898,25.22090167274155,50.274056146907334,0.5677385824078153
0.5715253269225119,3.2781848896858365,100.04964113004092,0.5572986422217607,1.105578580579687,0.07996244933755675,49.987391859338686,0.0011852416240994345,1.537826541582543,0.006097170116554525,24.982091320750254,50.056108582139075,0.6838538152457996
0.5998197706146384,3.52541245467493,99.7480597387542,0.304370095001997,0.9787536550252722,0.09965997145944563,49.67892566153728,0.001373798259135195,2.4816678000550705,0.572656914785769,25.23343130513663,49.92711260609721,0.5478311115256282
0.4168365232122504,3.775155021489917,99.5503617922064,0.43479232314892285,1.738553564533795,0.0557191985122987,50.3706085938985,0.05801692562794193,1.692190952320192,0.0064310204178450806,24.942895172862702,49.69667404282427,0.5330514747143384
-0.03850623786412427,3.8733166814293454,99.65430324837789,0.21597264601112542,1.0693736587056029,0.04194822861894666,48.989308831108396,0.007373733313514888,1.7051261368389492,0.18872511703832673,25.759249383142272,49.65158459111441,0.654708132419083
-0.22507113209744167,3.2717177185081843,100.15939139933181,0.1980380046798777,1.3296654279406646,0.12282033288626872,49.998303205280465,0.003796767615004305,2.2206675581824795,0.07837476401750992,25.089380318609386,49.85388516362812,0.6284329551444587
0.5825286672201977,3.3576735113460887,100.0484590593724,0.1493568989404589,0.9798127870122766,0.07003328524643154,49.576778655155216,0.020501374115482543,1.6686826429029935,0.04273228160741954,25.119378832584495,50.342819116805806,0.5268027001809662
0.16012692181918126,3.949409364467743,99.46150227578038,0.20481838212575332,1.5785363543275097,0.21920556802929128,49.78385309086437,0.0003288792465943567,2.0485628225131767,0.0017568678544605497,25.277048053463478,50.09380084002174,0.6557321039799272
0.33971669208246935,3.7293295267386215,99.87537522690106,0.7792290759290688,1.5596844242855357,0.19006180385788396,50.2080661174805,0.004002468870191885,2.2627145072101307,0.007406530454236095,24.62100515962996,50.406461637973145,0.5858402071358119
0.3762764401398603,2.887874476225477,100.31671216672848,0.8767757863234642,2.062166613547628,0.08123954568756464,50.109697091954104,0.08553594018720326,1.301270027430639,0.2502509595316825,23.703196631621083,50.135924774226865,0.5676322357448442
0.5401940343497217,3.5217783009092134,100.07497832782985,0.5561638035810195,1.360571961209943,0.07092551665249085,50.33144981142596,0.03223653749153228,1.712845376344125,0.07389743251240005,24.773336517395613,49.588700220810324,0.5303860471764124
0.4909901790386167,3.68812907857995,99.81588562171856,0.9404837739504891,1.0236356628198884,0.44489074816417173,49.53954258368613,0.0002600109879278335,1.2685509793337604,0.01195831915242272,25.312097257971995,50.61440959160952,0.5950886288597164
0.30540726266282675,3.481019567234396,100.26253555262232,0.30569666795755224,1.0308006385999453,0.08021785770769162,49.6589517643339,0.04035883450598697,1.75551817136042,0.027345666026924648,25.303393564960203,50.0693696037079,0.5217595397721344
0.060197746663217644,3.5256245843626486,99.92406367266466,0.5283845887232536,1.3123062723622856,0.017083187707970557,49.7772175892987,0.016078157177167488,1.7279544052356341,0.11024728890890229,25.33273235983803,50.11784626530464,0.5212832280510888
0.2799186495045019,3.4707161238968434,100.07843525680119,0.49367887619204387,1.188867443916152,0.04716604454333086,49.898833860150006,0.014772196446529173,1.702267570970866,0.041366460987867164,24.94615942029237,50.16952422430739,0.6330134138797114
0.43563512056613124,3.97374509899186,99.61248924522785,0.8507343467823381,0.9543432067038223,0.05158765946425869,49.90373767233147,0.0026715059927143736,2.4042608442485434,0.7549183243898522,25.3249880813758,49.82567428344948,0.535380567848964
0.38551801060044394,3.3356741339381153,100.12933537993892,0.3235778980588183,1.3541603838751066,0.3645728319841421,49.906926479243744,0.00017475615834898223,1.9648867473247273,0.036015833092468925,24.94594846625371,50.104830869065204,0.7458107690836948
0.5130212429580261,2.858595462213939,100.60662198718175,0.2196808564796889,0.5110783060037738,0.42882124936005256,49.46321073441861,0.005118127027448216,1.9557983861727093,0.0021738432661709203,25.111847698771815,50.327101903064786,0.5029675861822431
0.16860134034298108,3.1973962306223385,100.59073702003002,0.5000084486405248,0.5583089584949856,0.2664551044489476,49.455145995288795,0.02299470717610757,1.5505476328410284,0.01432000161473731,25.194239906167073,50.522732091686315,0.6054594394923507
0.483514748310379,3.1235009204816966,100.8810245698178,0.9127132710528787,0.901462767414103,0.25744471435617927,50.18921527823744,0.019768132071657847,1.6926504553722106,0.011553909591091469,24.930327361007198,49.73144627024531,0.5569211274716797
0.27927175149610983,3.2997437099286935,100.21145637224058,0.28003033870319166,1.3707242107977888,0.022639840028866057,49.70588297332597,0.013491473394753442,1.7545980269589228,0.032312977730558176,24.816767562354094,50.05073448076483,0.5094263549167344
0.5106794695560233,3.5953404329365557,99.84848239841232,0.5742154450208319,1.354654384940096,0.03934442218853218,50.151328556031096,0.014255255910679804,1.4994133192845258,0.01663489437141767,24.812534016853487,49.98539028671177,0.5851091478965923
0.42130265577086073,3.6002203214360224,99.7272556393527,0.553804539903994,0.9926455944228177,0.34160524331341313,49.59311790376024,0.02338853867233745,1.592114344521906,8.301882782142667e-05,25.708246063069303,50.47665327710611,0.503102180865463
1.7823932285645911,4.555984171406783,99.55248148263755,0.5659287886579181,1.8392635681252598,0.3264891580894159,50.819237959057396,0.005012481165591623,1.4696372547936045,0.03339608687775563,24.237358316437863,49.921303809912374,0.5465883339603391
0.3653279120283406,3.3818033099566867,99.93414979209935,0.5332074110760874,1.675330309296802,0.09825943206089655,49.820572745336165,0.03725651094782617,1.8659864929751142,0.22860340583337802,24.57866104846517,50.07042020413121,0.5109955881350468
0.4750766089677459,3.2888232442749694,100.29283744330479,0.10106928133430479,0.936871581328367,0.0752252720668081,49.90778455020069,0.0047856159157075775,1.8344757961310534,0.056358037852146214,25.084842255186516,49.827307530892526,0.6078676602765425
0.32558333458015504,3.5375763795111683,100.47534082534948,0.9235286781281297,0.958413703513298,0.07010865494483899,50.16641629230282,0.006823401247825857,1.625937396605562,0.00715108499898609,25.069801928956416,49.861899655330156,0.7161592641032319
0.6261083517687568,3.268004824519574,100.35024551782256,0.7244326931457186,1.2153324557337335,0.08273451949552553,50.03731526988051,0.008455269895659687,1.550810051948239,0.04337568640170593,24.51558996229944,49.94853844630284,0.5918435698309225
0.2804630948629989,3.6221071126419284,99.93060666272476,0.2709613614670893,1.5396901502753237,0.007950782536623485,50.04889924476163,0.0020081407390329306,2.0257472424625327,0.02138360376428904,24.891895464059548,49.9390534430827,0.543712779747858
0.23979101568620792,3.8486235231830612,99.88753498289363,0.45781025285654964,1.3898895161530613,0.19405469109289913,50.049135728913406,0.01739715192358053,1.8626054128768321,8.452100325306248e-05,25.051089800576488,50.09644237554792,0.50283468014364
0.1806325977887578,3.887827171648266,99.95249815102754,0.725235724051986,1.3094318519892734,0.12106431299044056,50.19064953640233,0.0017742328145025875,1.7526458156323361,0.0037950818863517616,25.12343825928632,49.8111248906647,0.7783833956317106
0.5158020544616548,3.1712054673275816,100.26321423106695,0.4285167451084795,0.7988730789631306,0.13636629924247423,49.35406784699429,0.06096183788361696,1.398227849434491,0.15571279355264936,25.446221487324717,50.361302518008564,0.5493971778228266
0.3349672373327279,3.636930257031461,100.0877025170839,0.5611582824329486,1.2580096033165629,0.08354102400130989,49.98154955522874,0.09207156763816,1.5967271093968456,0.0014291467721652198,24.992741316377273,49.88189457865066,0.5113216075604858
0.23229108955813713,3.765865201485906,99.96175238971587,0.4868255968467373,1.3445548099249323,0.07969865014019725,49.947007087005034,0.03167390950334798,1.896009457742909,0.019499196738908455,24.973347626963886,49.96405628456173,0.5415478450186209
0.21607754573942917,4.547424961382122,99.85855731597742,0.8429734578292601,0.8962860544152296,0.09405046255772674,51.28408829689659,0.010493567212961505,1.4324664216946237,0.16869646609128858,26.103293756183984,47.66447155337905,0.69997835399745
-0.22716450982673259,4.036879003401146,99.43610697457862,0.9329828896204195,1.702642772773367,0.05673380928651731,49.97287452406169,0.006683277915874837,1.4276747287896354,0.10915619667007903,24.973304542406602,50.33639140273185,0.653691255503399
0.42713134950920256,3.547292127255277,100.08858044742789,0.4881166435288963,1.4050611508299868,0.12551785683318856,50.18543934995018,0.02555145544200079,1.952963229879205,0.00470830869039221,24.79831105374907,49.964002021526134,0.5009548556704526
0.3518297819275947,3.780604915774675,99.88233085991178,0.5756289643258802,1.425035574593469,0.08361934663527436,50.14530067227442,0.023278245543886755,2.0348160696630884,0.0055524571619436636,24.76247625541506,50.0638950179241,0.5352473753903784
0.4604119299125284,3.3043516541027875,100.2572872789303,0.2600096946066217,0.6419970155215596,0.2762927194561122,49.7081617848256,8.568582784222148e-05,1.2461803209225355,0.08781043978462971,25.577946721816993,49.58773996434295,0.6595214224419998
0.4411638707485563,3.6423903411522707,99.96710028586503,0.9124960754289081,1.65033569333807,0.10714729984760381,49.91334852818666,0.02527537275318332,1.7993853079714794,0.21944849078665507,24.570390060354796,50.37381999522752,0.604461121487553
-0.20350807168296808,3.286329913251611,99.63592429380093,0.10243703864537645,1.5956107912491586,0.20717873568836864,49.73022359336275,0.0011428722693581916,2.117516269444266,0.13728346579331882,25.02050832781761,49.89844962804173,0.6684380389336635
0.1818798202073926,3.8280907216280116,99.79621757827263,0.8473997020057656,0.9865455518665296,0.07478958097275257,49.71268105190389,0.08170696974611616,1.5548568187257557,0.2687418977743543,25.401055099436533,50.319704696951845,0.5084789779383436
0.3897913005376086,3.454653026930236,100.42253833690621,0.7566243327548288,0.6723406517719592,0.25264889001727453,50.04072175506449,0.0005678839899399203,0.9186262620438882,0.03640029270423252,25.323566968489786,49.50816053889127,0.6398015699716276
0.28096062110092257,3.2989126713721695,99.8489691540953,0.4000562473124897,1.156555015452959,0.44640940789326716,49.7684467085441,0.01206428252980868,1.512236916659751,0.017876310041107818,25.357566347959366,50.1346832401484,0.5483673890125622
0.4100628139517165,3.609659839877675,100.13729708151469,0.48109659549026207,1.135920285074122,0.05245879197719272,49.9089717090705,0.02043496028932637,1.8699868714415695,0.0013155289637692275,25.133942526165463,50.025985026081045,0.5086086443131353
0.13317825852050647,3.8844893041798176,99.86975434454007,0.36932787292053837,1.4062899798825454,0.13754532824090518,49.83321219276806,0.0007650129168268217,2.0780706945549348,0.004637431186924055,25.179397417652993,49.733757513856766,0.7464375890156463
0.3834148504490168,3.3130825185988386,100.24649035532104,0.7398472684546296,0.9598260619707585,0.22119628346519735,50.03896325069996,0.03324250983517017,1.693706588232135,0.012974710232201134,24.98603151164694,49.93689393703563,0.513558013080716
0.6750715887678809,3.321523002917849,100.69202216058329,0.7202459634113654,1.199774378949487,0.17821893517828769,50.25517459491476,0.01616213680573448,1.7209882056397816,0.004366530871390734,24.632344312502568,50.10563271924846,0.5595506647655317
0.6571941733847724,3.444721147736091,100.29424641679479,0.899341031030504,1.5087785915896004,0.3120235494880698,50.110340917473614,0.011815841813835513,1.425955457214911,0.05355698311733618,24.56864478156674,50.053982402329815,0.685077176660723
0.3447384382892882,3.7030213136908796,100.00433189464273,0.5839339031307647,1.258133610499008,0.13961407518292002,50.13631533101024,0.0351848662829717,1.8525886402524845,0.03597130933203442,25.03168418641198,49.92791911661539,0.5257439908841455
0.0504016006306659,3.7152234830769855,99.7421437533142,0.8120788561564412,1.5233068969767758,0.010154132573119817,49.74695682160635,0.006806580020086182,1.6093740356868986,0.35478132040264354,25.425118782626928,50.49102630403987,0.5653386799770089
0.5521892628664964,3.2733329266232545,100.06320246152086,0.5710617680561793,1.0892761635218196,0.1020474551788439,49.98834843902405,0.005909307950551236,1.5582620287069526,0.007179629042791359,24.97891678327566,50.04541466402007,0.690306650595982
0.6002057584758703,3.525036754204556,99.7475409035072,0.3027276324499342,0.9767535637594956,0.0999800908775335,49.67625335296594,0.0012964493843611122,2.487372764821978,0.575747357876452,25.23580661489852,49.92676696692311,0.5220436457774755
0.4430677304264676,3.820463830167899,99.37554907877536,0.3899524826229916,1.8926859896598454,0.04499111528044271,50.49478402643653,0.04816590455025403,1.7149574526396782,0.007940985804946156,24.931833859101438,49.629559279517245,0.5343810620746645
-0.22680978595876344,4.032408584249182,99.52357416894155,0.11573459618825668,1.0204893895705203,0.02745436052720094,48.625643730478195,0.0033207371417883387,1.7564010056091945,0.2533998447760693,26.09200362139699,49.334476370020944,0.5876029455124392
-0.190977271683885,3.2692211108696214,100.48529576710789,0.27982026504443286,1.1706477406613003,0.07709959407903193,50.1643261714012,0.005917888515187257,2.254525996689327,0.04040496744809237,25.106930932895192,49.840006782191736,0.5717846162714668
0.6115932092545511,3.31942368020533,100.04413763912612,0.10244890148160063,0.9029222721480593,0.07465437078375012,49.483498301320374,0.020450857066034233,1.6164848902448767,0.04753098465229973,25.177499820872747,50.40286252533349,0.5038066278680755
0.18654731647939535,3.8842582988568504,99.62367970035842,0.31957657234393055,1.4781653807397244,0.19537555753935726,49.8448793978602,0.0012815581334870204,1.9814839513433598,0.00234120211197015,25.2455162262204,50.05655390902325,0.677934689858698
0.3350327419013862,3.8112611556165903,99.71365914602055,0.7443521403758752,1.6632934448060257,0.16599927844044315,50.19501724740058,0.0015599311140563447,2.3168266231757806,0.009403021863720941,24.549560210729783,50.50416870928183,0.6887558854461129
0.369272756265368,2.8162973950485783,100.32695680317006,0.9300833110985229,2.1420045192810386,0.08331662940811431,50.12366755388985,0.08889281711288892,1.2249023705728677,0.27527705523683454,23.59141881511406,50.1708481503249,0.5718120050109123
0.5885025524834661,3.4928021705739782,100.09139665336572,0.5877676299657055,1.3543570158468057,0.07707898052277676,50.376976343827735,0.03279631943822532,1.6855630949888685,0.08473780920370072,24.730622540670147,49.550172894993835,0.5262928697841491
0.4909901790386167,3.68812907857995,99.81588562171856,0.9404837739504891,1.0236356628198884,0.44489074816417173,49.53954258368613,0.0002600109879278335,1.2685509793337604,0.01195831915242272,25.312097257971995,50.61440959160952,0.5950886288597164
0.36110160947918046,3.4227656768238557,100.40823202595183,0.2195034748173867,0.9966860312123247,0.07046626619153187,49.64482580514352,0.05170546859993595,1.5703398840449863,0.003658123581958078,25.402496453784103,49.994582150416704,0.5431480386048039
-0.16928374010180103,3.6251711795737998,99.9086667579232,0.7974144754149783,1.544562837118019,0.01874788583213302,49.96836587415311,0.013193930681852354,1.7565010591482295,0.1370950440082318,25.335924153103576,49.95874435494468,0.5909296217587431
0.24523263315506508,3.4011326934757498,100.13878961885868,0.48257397658066087,1.1282947264834413,0.03847358759136618,49.87487913921988,0.015022792442907622,1.7093750627734245,0.02743507062731665,24.903547793943602,50.193593738766346,0.5861512566355664
0.43563512056613124,3.97374509899186,99.61248924522785,0.8507343467823381,0.9543432067038223,0.05158765946425869,49.90373767233147,0.0026715059927143736,2.4042608442485434,0.7549183243898522,25.3249880813758,49.82567428344948,0.535380567848964
0.38551801060044394,3.3356741339381153,100.12933537993892,0.3235778980588183,1.3541603838751066,0.3645728319841421,49.906926479243744,0.00017475615834898223,1.9648867473247273,0.036015833092468925,24.94594846625371,50.104830869065204,0.7458107690836948
0.5121454770714529,2.866457974053733,100.61476637789742,0.24025036682716983,0.522665090473907,0.42373471756738224,49.48475887222916,0.00555294569395042,1.9479880385299477,0.0024522478072475963,25.10646009440092,50.309422578916056,0.5006224402585586
0.14605359805275098,3.1659870676419724,100.64401996361654,0.47637725514859514,0.5184375821569742,0.25430838055716287,49.4432486849871,0.024698936878297,1.5611025581532052,0.014131793462120283,25.190968699104143,50.52359864576902,0.5956080255024365
0.4758619171884255,3.1152451783012722,100.90849977052994,0.9292601193071667,0.8843943040473129,0.26244448023862615,50.19244734387941,0.01815884007439841,1.6706111566170645,0.011090720300648033,24.951266634613724,49.70844451420995,0.5788109975413929
0.27927175149610983,3.2997437099286935,100.21145637224058,0.28003033870319166,1.3707242107977888,0.022639840028866057,49.70588297332597,0.013491473394753442,1.7545980269589228,0.032312977730558176,24.816767562354094,50.05073448076483,0.5094263549167344
0.5303235375723543,3.5930564664836706,99.84147484025709,0.60009172706855,1.3388655203793285,0.04202320119990616,50.16006871780337,0.015300286542217068,1.4545019206057923,0.01622969308880803,24.80576220633884,49.98934415015491,0.5894620771449266
0.42130265577086073,3.6002203214360224,99.7272556393527,0.553804539903994,0.9926455944228177,0.34160524331341313,49.59311790376024,0.02338853867233745,1.592114344521906,8.301882782142667e-05,25.708246063069303,50.47665327710611,0.503102180865463
1.784282430284256,4.556800923168164,99.5523973051096,0.5655292698824355,1.840504914331854,0.3268747836749288,50.820522202089435,0.0050157650324538505,1.4683261860263546,0.032383951852327675,24.235832614078934,49.921437956842524,0.5462654190321159
0.5616781366866364,2.7629472933771604,99.99362576023958,0.20306353890664341,2.5028757816527847,0.1297611144614967,49.92403357077149,0.0032390402996159556,2.224952645491994,0.2845138860053866,23.596866513867475,49.79441079619971,0.5250742022496362
0.4556397899313289,3.3282915067784407,100.23387814449902,0.21276534144565074,1.0786592738585936,0.13734592764026868,49.91048871188074,0.005917281113944245,1.86049746432543,0.06436443493858801,25.01561436897166,49.926737098605024,0.6651720027323254
0.32579844410717695,3.5408735966544183,100.47845077924282,0.9244202015902747,0.9491509041223589,0.06977728867238177,50.166524179227736,0.006302740101928828,1.6279385720814143,0.005420989727417336,25.07932482157892,49.8602405227579,0.716920776037937
0.6338137119367216,3.2386430539217126,100.3554724923931,0.715896403349727,1.2474426054439771,0.07520939043009897,50.009820806188046,0.008209747426130485,1.57106958120965,0.0417502584207214,24.46195554126924,50.01326853618018,0.5629174967229013
